location,customer_no
dairy,0.3991590403165966
drinks,0.14167697254513975
fruit,0.3486025228790502
spices,0.11056146425921345
