location,checkout,dairy,drinks,fruit,spices
checkout,1.0,0.0,0.0,0.0,0.0
dairy,0.10159711488923236,0.738485316846986,0.05461102524471922,0.05378670788253478,0.05151983513652756
drinks,0.215097639172253,0.005392013990090353,0.5974934421451472,0.09006120664529292,0.09195569804721655
fruit,0.20279102632043808,0.09397632927044691,0.05741035152799859,0.5915915915915916,0.05423070128952482
spices,0.1469206035122434,0.18971061093247588,0.1639871382636656,0.09374227059114519,0.40563937670046996
